[
 {
  "hid":1,
  "sid":"Pacing_model",
  "esid":"",
  "parent":0,
  "children":[
   2,
   4,
   5
  ],
  "name":"Pacing_model",
  "fullname":"Pacing_model",
  "label":"Pacing_model",
  "icon":"WebViewIcon0",
  "svg":"support/slwebview_files/Pacing_model_d.svg",
  "thumbnail":"support/slwebview_files/Pacing_model_d.png",
  "backingUrl":"support/slwebview_files/Pacing_model_d.json",
  "elements":[
   ":2",
   ":3",
   ":9",
   ":11",
   ":12",
   ":14",
   ":15",
   ":17",
   ":35",
   ":71",
   ":73",
   ":76",
   ":9#out:1",
   ":12#out:1",
   ":15#out:1",
   ":14#out:1",
   ":17#out:1",
   ":35#out:1",
   ":2#out:1",
   ":2#out:2",
   ":2#out:3",
   ":2#out:4",
   ":2#out:5",
   ":2#out:6",
   ":2#out:7",
   ":2#out:8",
   ":73#out:1",
   ":76#out:2",
   ":76#out:1",
   ":2#out:9",
   ":2#out:10",
   ":2#out:11"
  ],
  "sameAsElement":false
 },
 {
  "hid":2,
  "sid":"Pacing_model:2",
  "esid":"Pacing_model:2",
  "parent":1,
  "children":[
   3
  ],
  "name":"Chart",
  "fullname":"Pacing_model/Chart",
  "label":"Chart",
  "icon":"WebViewIcon1",
  "svg":"support/slwebview_files/Pacing_model_2_d.svg",
  "thumbnail":"support/slwebview_files/Pacing_model_2_d.png",
  "backingUrl":"support/slwebview_files/Pacing_model_2_d.json",
  "elements":[
   ":2:26",
   ":2:50",
   ":2:6",
   ":2:18",
   ":2:45",
   ":2:84",
   ":2:65",
   ":2:7",
   ":2:33",
   ":2:12",
   ":2:71",
   ":2:27",
   ":2:79",
   ":2:35"
  ],
  "sameAsElement":false
 },
 {
  "hid":3,
  "sid":"Pacing_model:2:50",
  "esid":"Pacing_model:2:50",
  "parent":2,
  "children":[
  ],
  "name":"Sensing",
  "fullname":"Pacing_model/Chart/Sensing",
  "label":"Sensing",
  "icon":"WebViewIcon6",
  "svg":"support/slwebview_files/Pacing_model_2_50_d.svg",
  "thumbnail":"support/slwebview_files/Pacing_model_2_50_d.png",
  "backingUrl":"support/slwebview_files/Pacing_model_2_50_d.json",
  "elements":[
   ":2:62",
   ":2:61",
   ":2:60",
   ":2:59",
   ":2:58",
   ":2:79",
   ":2:57",
   ":2:56",
   ":2:65",
   ":2:52",
   ":2:53",
   ":2:71"
  ],
  "sameAsElement":true
 },
 {
  "hid":4,
  "sid":"Pacing_model:3",
  "esid":"Pacing_model:3",
  "parent":1,
  "children":[
  ],
  "name":"Hardware_Inputs",
  "fullname":"Pacing_model/Hardware_Inputs",
  "label":"Hardware_Inputs",
  "icon":"WebViewIcon2",
  "svg":"support/slwebview_files/Pacing_model_3_d.svg",
  "thumbnail":"support/slwebview_files/Pacing_model_3_d.png",
  "backingUrl":"support/slwebview_files/Pacing_model_3_d.json",
  "elements":[
   ":13",
   ":28",
   ":29",
   ":30",
   ":31",
   ":32",
   ":33",
   ":34",
   ":38",
   ":39",
   ":40",
   ":41",
   ":42",
   ":43",
   ":44",
   ":45",
   ":82",
   ":83",
   ":84",
   ":85",
   ":87",
   ":88",
   ":38#out:1",
   ":39#out:1",
   ":40#out:1",
   ":41#out:1",
   ":42#out:1",
   ":43#out:1",
   ":44#out:1",
   ":45#out:1",
   ":82#out:1",
   ":83#out:1",
   ":84#out:1"
  ],
  "sameAsElement":true
 },
 {
  "hid":5,
  "sid":"Pacing_model:76",
  "esid":"Pacing_model:76",
  "parent":1,
  "children":[
  ],
  "name":"Hardware_Outputs",
  "fullname":"Pacing_model/Hardware_Outputs",
  "label":"Hardware_Outputs",
  "icon":"WebViewIcon2",
  "svg":"support/slwebview_files/Pacing_model_76_d.svg",
  "thumbnail":"support/slwebview_files/Pacing_model_76_d.png",
  "backingUrl":"support/slwebview_files/Pacing_model_76_d.json",
  "elements":[
   ":78",
   ":79",
   ":80",
   ":81",
   ":80#out:1",
   ":81#out:1"
  ],
  "sameAsElement":true
 }
]