[
 {
  "sid":"Pacing_model:2:26",
  "className":"Stateflow.State",
  "icon":"WebViewIcon5",
  "name":"Discharging_through_VENT",
  "label":"Discharging_through_VENT",
  "parent":"Pacing_model:2",
  "inspector":{
   "params":[
    "HasOutputData",
    "OutputMonitoringMode",
    "InlineOption",
    "LabelString",
    "DataLogging",
    "TestPoint",
    "NameMode",
    "LoggingName",
    "LimitDataPoints",
    "MaxPoints",
    "DecimateData",
    "Decimation",
    "Description",
    "Document"
   ],
   "values":[
    false,
    "SelfActivity",
    "Auto",
    "Discharging_through_VENT\n\nentry:\nVENT_PACE_CTRL=true;\nZ_VENT_CTRL=false;\nPACE_CHARGE_CTRL=false;\nPACE_GND_CTRL=true;\nVENT_GND_CTRL =false;",
    false,
    false,
    "SignalName",
    "Discharging_through_VENT",
    false,
    5000,
    false,
    2,
    "",
    ""
   ],
   "tabs":[
    "General",
    "Logging",
    "Documentation"
   ],
   "tabs_idx":[
    0,
    4,
    12
   ]
  },
  "viewer":{
   "jshandler":"webview/handlers/ElementHandler"
  },
  "obj_viewer":[
  ],
  "finder":[
  ]
 },
 {
  "sid":"Pacing_model:2:50",
  "className":"Stateflow.State",
  "icon":"WebViewIcon6",
  "name":"Sensing",
  "label":"Sensing",
  "parent":"Pacing_model:2",
  "inspector":{
   "params":[
    "HasOutputData",
    "OutputMonitoringMode",
    "InlineOption",
    "LabelString",
    "DataLogging",
    "TestPoint",
    "NameMode",
    "LoggingName",
    "LimitDataPoints",
    "MaxPoints",
    "DecimateData",
    "Decimation",
    "Description",
    "Document"
   ],
   "values":[
    false,
    "ChildActivity",
    "Auto",
    "Sensing",
    false,
    false,
    "SignalName",
    "Sensing",
    false,
    5000,
    false,
    2,
    "",
    ""
   ],
   "tabs":[
    "General",
    "Logging",
    "Documentation"
   ],
   "tabs_idx":[
    0,
    4,
    12
   ]
  },
  "viewer":{
   "jshandler":"webview/handlers/ContainerHandler"
  },
  "obj_viewer":[
  ],
  "finder":[
  ]
 },
 {
  "sid":"Pacing_model:2:6",
  "className":"Stateflow.State",
  "icon":"WebViewIcon5",
  "name":"Charging_C22_Discharging_C21",
  "label":"Charging_C22_Discharging_C21",
  "parent":"Pacing_model:2",
  "inspector":{
   "params":[
    "HasOutputData",
    "OutputMonitoringMode",
    "InlineOption",
    "LabelString",
    "DataLogging",
    "TestPoint",
    "NameMode",
    "LoggingName",
    "LimitDataPoints",
    "MaxPoints",
    "DecimateData",
    "Decimation",
    "Description",
    "Document"
   ],
   "values":[
    false,
    "SelfActivity",
    "Auto",
    "Charging_C22_Discharging_C21\n\nentry:\nATR_PACE_CTRL=false;\nVENT_PACE_CTRL=false;\nPACE_CHARGE_CTRL=true;\nPACE_GND_CTRL=true;\nZ_ATR_CTRL=false;\nZ_VENT_CTRL=false;\nATR_GND_CTRL= (mode_P == 1);\nVENT_GND_CTRL= (mode_P == 2);\nATR_CMP_REF_PWM = 0;\nVENT_CMP_REF_PWM = 0;\nFRONTEND_CTRL = false;",
    false,
    false,
    "SignalName",
    "Charging_C22_Discharging_C21",
    false,
    5000,
    false,
    2,
    "",
    ""
   ],
   "tabs":[
    "General",
    "Logging",
    "Documentation"
   ],
   "tabs_idx":[
    0,
    4,
    12
   ]
  },
  "viewer":{
   "jshandler":"webview/handlers/ElementHandler"
  },
  "obj_viewer":[
  ],
  "finder":[
  ]
 },
 {
  "sid":"Pacing_model:2:18",
  "className":"Stateflow.State",
  "icon":"WebViewIcon5",
  "name":"Discharging_through_ATR",
  "label":"Discharging_through_ATR",
  "parent":"Pacing_model:2",
  "inspector":{
   "params":[
    "HasOutputData",
    "OutputMonitoringMode",
    "InlineOption",
    "LabelString",
    "DataLogging",
    "TestPoint",
    "NameMode",
    "LoggingName",
    "LimitDataPoints",
    "MaxPoints",
    "DecimateData",
    "Decimation",
    "Description",
    "Document"
   ],
   "values":[
    false,
    "SelfActivity",
    "Auto",
    "Discharging_through_ATR\n\nentry:\nATR_PACE_CTRL=true;\nZ_ATR_CTRL=false;\nPACE_CHARGE_CTRL=false;\nPACE_GND_CTRL=true;\nATR_GND_CTRL =false;",
    false,
    false,
    "SignalName",
    "Discharging_through_ATR",
    false,
    5000,
    false,
    2,
    "",
    ""
   ],
   "tabs":[
    "General",
    "Logging",
    "Documentation"
   ],
   "tabs_idx":[
    0,
    4,
    12
   ]
  },
  "viewer":{
   "jshandler":"webview/handlers/ElementHandler"
  },
  "obj_viewer":[
  ],
  "finder":[
  ]
 },
 {
  "sid":"Pacing_model:2:45",
  "className":"Stateflow.Transition",
  "icon":"WebViewIcon7",
  "name":"",
  "label":"[after((60000/lower_limit)-pulse_width,msec)]",
  "parent":"Pacing_model:2",
  "inspector":{
   "params":[
    "ExecutionOrder",
    "LabelString",
    "Description",
    "Document"
   ],
   "values":[
    1,
    "[after((60000/lower_limit)-pulse_width,msec)]",
    "",
    ""
   ],
   "tabs":[
    "Parameter Attributes"
   ],
   "tabs_idx":0
  },
  "viewer":{
   "jshandler":"webview/handlers/ElementHandler"
  },
  "obj_viewer":[
  ],
  "finder":[
  ]
 },
 {
  "sid":"Pacing_model:2:84",
  "className":"Stateflow.Transition",
  "icon":"WebViewIcon7",
  "name":"",
  "label":"after(pulse_width,msec)",
  "parent":"Pacing_model:2",
  "inspector":{
   "params":[
    "ExecutionOrder",
    "LabelString",
    "Description",
    "Document"
   ],
   "values":[
    1,
    "after(pulse_width,msec)",
    "",
    ""
   ],
   "tabs":[
    "Parameter Attributes"
   ],
   "tabs_idx":0
  },
  "viewer":{
   "jshandler":"webview/handlers/ElementHandler"
  },
  "obj_viewer":[
  ],
  "finder":[
  ]
 },
 {
  "sid":"Pacing_model:2:65",
  "className":"Stateflow.Transition",
  "icon":"WebViewIcon7",
  "name":"",
  "label":"[mode_S>0]",
  "parent":"Pacing_model:2",
  "inspector":{
   "params":[
    "ExecutionOrder",
    "LabelString",
    "Description",
    "Document"
   ],
   "values":[
    1,
    "[mode_S>0]",
    "",
    ""
   ],
   "tabs":[
    "Parameter Attributes"
   ],
   "tabs_idx":0
  },
  "viewer":{
   "jshandler":"webview/handlers/ElementHandler"
  },
  "obj_viewer":[
  ],
  "finder":[
  ]
 },
 {
  "sid":"Pacing_model:2:7",
  "className":"Stateflow.Transition",
  "icon":"WebViewIcon7",
  "name":"",
  "label":"",
  "parent":"Pacing_model:2",
  "inspector":{
   "params":[
    "ExecutionOrder",
    "LabelString",
    "Description",
    "Document"
   ],
   "values":[
    1,
    "",
    "",
    ""
   ],
   "tabs":[
    "Parameter Attributes"
   ],
   "tabs_idx":0
  },
  "viewer":{
   "jshandler":"webview/handlers/ElementHandler"
  },
  "obj_viewer":[
  ],
  "finder":[
  ]
 },
 {
  "sid":"Pacing_model:2:33",
  "className":"Stateflow.Transition",
  "icon":"WebViewIcon7",
  "name":"",
  "label":"[after(pulse_width,msec)]",
  "parent":"Pacing_model:2",
  "inspector":{
   "params":[
    "ExecutionOrder",
    "LabelString",
    "Description",
    "Document"
   ],
   "values":[
    1,
    "[after(pulse_width,msec)]",
    "",
    ""
   ],
   "tabs":[
    "Parameter Attributes"
   ],
   "tabs_idx":0
  },
  "viewer":{
   "jshandler":"webview/handlers/ElementHandler"
  },
  "obj_viewer":[
  ],
  "finder":[
  ]
 },
 {
  "sid":"Pacing_model:2:12",
  "className":"Stateflow.Transition",
  "icon":"WebViewIcon7",
  "name":"",
  "label":"[mode_P==1]",
  "parent":"Pacing_model:2",
  "inspector":{
   "params":[
    "ExecutionOrder",
    "LabelString",
    "Description",
    "Document"
   ],
   "values":[
    2,
    "[mode_P==1]",
    "",
    ""
   ],
   "tabs":[
    "Parameter Attributes"
   ],
   "tabs_idx":0
  },
  "viewer":{
   "jshandler":"webview/handlers/ElementHandler"
  },
  "obj_viewer":[
  ],
  "finder":[
  ]
 },
 {
  "sid":"Pacing_model:2:71",
  "className":"Stateflow.Transition",
  "icon":"WebViewIcon7",
  "name":"",
  "label":"?",
  "parent":"Pacing_model:2",
  "inspector":{
   "params":[
    "ExecutionOrder",
    "LabelString",
    "Description",
    "Document"
   ],
   "values":[
    1,
    "?",
    "",
    ""
   ],
   "tabs":[
    "Parameter Attributes"
   ],
   "tabs_idx":0
  },
  "viewer":{
   "jshandler":"webview/handlers/ElementHandler"
  },
  "obj_viewer":[
  ],
  "finder":[
  ]
 },
 {
  "sid":"Pacing_model:2:27",
  "className":"Stateflow.Transition",
  "icon":"WebViewIcon7",
  "name":"",
  "label":"[mode_P==2]",
  "parent":"Pacing_model:2",
  "inspector":{
   "params":[
    "ExecutionOrder",
    "LabelString",
    "Description",
    "Document"
   ],
   "values":[
    3,
    "[mode_P==2]",
    "",
    ""
   ],
   "tabs":[
    "Parameter Attributes"
   ],
   "tabs_idx":0
  },
  "viewer":{
   "jshandler":"webview/handlers/ElementHandler"
  },
  "obj_viewer":[
  ],
  "finder":[
  ]
 },
 {
  "sid":"Pacing_model:2:79",
  "className":"Stateflow.Transition",
  "icon":"WebViewIcon7",
  "name":"",
  "label":"?",
  "parent":"Pacing_model:2",
  "inspector":{
   "params":[
    "ExecutionOrder",
    "LabelString",
    "Description",
    "Document"
   ],
   "values":[
    1,
    "?",
    "",
    ""
   ],
   "tabs":[
    "Parameter Attributes"
   ],
   "tabs_idx":0
  },
  "viewer":{
   "jshandler":"webview/handlers/ElementHandler"
  },
  "obj_viewer":[
  ],
  "finder":[
  ]
 },
 {
  "sid":"Pacing_model:2:35",
  "className":"Stateflow.Transition",
  "icon":"WebViewIcon7",
  "name":"",
  "label":"after((60000/lower_limit)-pulse_width,msec)",
  "parent":"Pacing_model:2",
  "inspector":{
   "params":[
    "ExecutionOrder",
    "LabelString",
    "Description",
    "Document"
   ],
   "values":[
    1,
    "after((60000/lower_limit)-pulse_width,msec)",
    "",
    ""
   ],
   "tabs":[
    "Parameter Attributes"
   ],
   "tabs_idx":0
  },
  "viewer":{
   "jshandler":"webview/handlers/ElementHandler"
  },
  "obj_viewer":[
  ],
  "finder":[
  ]
 }
]