[
 {
  "sid":"Pacing_model:2:62",
  "className":"Stateflow.State",
  "icon":"WebViewIcon5",
  "name":"Send_request_to_pace_VENT",
  "label":"Send_request_to_pace_VENT",
  "parent":"Pacing_model:2:50",
  "inspector":{
   "params":[
    "HasOutputData",
    "OutputMonitoringMode",
    "InlineOption",
    "LabelString",
    "DataLogging",
    "TestPoint",
    "NameMode",
    "LoggingName",
    "LimitDataPoints",
    "MaxPoints",
    "DecimateData",
    "Decimation",
    "Description",
    "Document"
   ],
   "values":[
    false,
    "SelfActivity",
    "Auto",
    "Send_request_to_pace_VENT\n\nentry:\nFRONTEND_CTRL = false;",
    false,
    false,
    "SignalName",
    "Sensing.Send_request_to_pace_VENT",
    false,
    5000,
    false,
    2,
    "",
    ""
   ],
   "tabs":[
    "General",
    "Logging",
    "Documentation"
   ],
   "tabs_idx":[
    0,
    4,
    12
   ]
  },
  "viewer":{
   "jshandler":"webview/handlers/ElementHandler"
  },
  "obj_viewer":[
  ],
  "finder":[
  ]
 },
 {
  "sid":"Pacing_model:2:61",
  "className":"Stateflow.State",
  "icon":"WebViewIcon5",
  "name":"Accepting_signal_from_VENT",
  "label":"Accepting_signal_from_VENT",
  "parent":"Pacing_model:2:50",
  "inspector":{
   "params":[
    "HasOutputData",
    "OutputMonitoringMode",
    "InlineOption",
    "LabelString",
    "DataLogging",
    "TestPoint",
    "NameMode",
    "LoggingName",
    "LimitDataPoints",
    "MaxPoints",
    "DecimateData",
    "Decimation",
    "Description",
    "Document"
   ],
   "values":[
    false,
    "SelfActivity",
    "Auto",
    "Accepting_signal_from_VENT\n\nentry:\nVENT_CMP_REF_PWM = 66;\nFRONTEND_CTRL = true;",
    false,
    false,
    "SignalName",
    "Sensing.Accepting_signal_from_VENT",
    false,
    5000,
    false,
    2,
    "",
    ""
   ],
   "tabs":[
    "General",
    "Logging",
    "Documentation"
   ],
   "tabs_idx":[
    0,
    4,
    12
   ]
  },
  "viewer":{
   "jshandler":"webview/handlers/ElementHandler"
  },
  "obj_viewer":[
  ],
  "finder":[
  ]
 },
 {
  "sid":"Pacing_model:2:60",
  "className":"Stateflow.State",
  "icon":"WebViewIcon5",
  "name":"Set_default_values",
  "label":"Set_default_values",
  "parent":"Pacing_model:2:50",
  "inspector":{
   "params":[
    "HasOutputData",
    "OutputMonitoringMode",
    "InlineOption",
    "LabelString",
    "DataLogging",
    "TestPoint",
    "NameMode",
    "LoggingName",
    "LimitDataPoints",
    "MaxPoints",
    "DecimateData",
    "Decimation",
    "Description",
    "Document"
   ],
   "values":[
    false,
    "SelfActivity",
    "Auto",
    "Set_default_values\n\nentry:\nATR_CMP_REF_PWM = 0;\nVENT_CMP_REF_PWM = 0;\nFRONTEND_CTRL = false",
    false,
    false,
    "SignalName",
    "Sensing.Set_default_values",
    false,
    5000,
    false,
    2,
    "",
    ""
   ],
   "tabs":[
    "General",
    "Logging",
    "Documentation"
   ],
   "tabs_idx":[
    0,
    4,
    12
   ]
  },
  "viewer":{
   "jshandler":"webview/handlers/ElementHandler"
  },
  "obj_viewer":[
  ],
  "finder":[
  ]
 },
 {
  "sid":"Pacing_model:2:59",
  "className":"Stateflow.State",
  "icon":"WebViewIcon5",
  "name":"Send_request_to_pace_ATR",
  "label":"Send_request_to_pace_ATR",
  "parent":"Pacing_model:2:50",
  "inspector":{
   "params":[
    "HasOutputData",
    "OutputMonitoringMode",
    "InlineOption",
    "LabelString",
    "DataLogging",
    "TestPoint",
    "NameMode",
    "LoggingName",
    "LimitDataPoints",
    "MaxPoints",
    "DecimateData",
    "Decimation",
    "Description",
    "Document"
   ],
   "values":[
    false,
    "SelfActivity",
    "Auto",
    "Send_request_to_pace_ATR\n\nentry:\nFRONTEND_CTRL = false;",
    false,
    false,
    "SignalName",
    "Sensing.Send_request_to_pace_ATR",
    false,
    5000,
    false,
    2,
    "",
    ""
   ],
   "tabs":[
    "General",
    "Logging",
    "Documentation"
   ],
   "tabs_idx":[
    0,
    4,
    12
   ]
  },
  "viewer":{
   "jshandler":"webview/handlers/ElementHandler"
  },
  "obj_viewer":[
  ],
  "finder":[
  ]
 },
 {
  "sid":"Pacing_model:2:58",
  "className":"Stateflow.State",
  "icon":"WebViewIcon5",
  "name":"Accepting_signal_from_ATR",
  "label":"Accepting_signal_from_ATR",
  "parent":"Pacing_model:2:50",
  "inspector":{
   "params":[
    "HasOutputData",
    "OutputMonitoringMode",
    "InlineOption",
    "LabelString",
    "DataLogging",
    "TestPoint",
    "NameMode",
    "LoggingName",
    "LimitDataPoints",
    "MaxPoints",
    "DecimateData",
    "Decimation",
    "Description",
    "Document"
   ],
   "values":[
    false,
    "SelfActivity",
    "Auto",
    "Accepting_signal_from_ATR\n\nentry:\nATR_CMP_REF_PWM = 66;\nFRONTEND_CTRL = true;",
    false,
    false,
    "SignalName",
    "Sensing.Accepting_signal_from_ATR",
    false,
    5000,
    false,
    2,
    "",
    ""
   ],
   "tabs":[
    "General",
    "Logging",
    "Documentation"
   ],
   "tabs_idx":[
    0,
    4,
    12
   ]
  },
  "viewer":{
   "jshandler":"webview/handlers/ElementHandler"
  },
  "obj_viewer":[
  ],
  "finder":[
  ]
 },
 {
  "sid":"Pacing_model:2:79",
  "className":"Stateflow.Transition",
  "icon":"WebViewIcon7",
  "name":"",
  "label":"?",
  "parent":"Pacing_model:2:50",
  "inspector":{
   "params":[
    "ExecutionOrder",
    "LabelString",
    "Description",
    "Document"
   ],
   "values":[
    1,
    "?",
    "",
    ""
   ],
   "tabs":[
    "Parameter Attributes"
   ],
   "tabs_idx":0
  },
  "viewer":{
   "jshandler":"webview/handlers/ElementHandler"
  },
  "obj_viewer":[
  ],
  "finder":[
  ]
 },
 {
  "sid":"Pacing_model:2:57",
  "className":"Stateflow.Transition",
  "icon":"WebViewIcon7",
  "name":"",
  "label":"[VENT_CMP_DETECT == false]",
  "parent":"Pacing_model:2:50",
  "inspector":{
   "params":[
    "ExecutionOrder",
    "LabelString",
    "Description",
    "Document"
   ],
   "values":[
    1,
    "[VENT_CMP_DETECT == false]",
    "",
    ""
   ],
   "tabs":[
    "Parameter Attributes"
   ],
   "tabs_idx":0
  },
  "viewer":{
   "jshandler":"webview/handlers/ElementHandler"
  },
  "obj_viewer":[
  ],
  "finder":[
  ]
 },
 {
  "sid":"Pacing_model:2:56",
  "className":"Stateflow.Transition",
  "icon":"WebViewIcon7",
  "name":"",
  "label":"[mode_S == 2]",
  "parent":"Pacing_model:2:50",
  "inspector":{
   "params":[
    "ExecutionOrder",
    "LabelString",
    "Description",
    "Document"
   ],
   "values":[
    2,
    "[mode_S == 2]",
    "",
    ""
   ],
   "tabs":[
    "Parameter Attributes"
   ],
   "tabs_idx":0
  },
  "viewer":{
   "jshandler":"webview/handlers/ElementHandler"
  },
  "obj_viewer":[
  ],
  "finder":[
  ]
 },
 {
  "sid":"Pacing_model:2:65",
  "className":"Stateflow.Transition",
  "icon":"WebViewIcon7",
  "name":"",
  "label":"[mode_S>0]",
  "parent":"Pacing_model:2:50",
  "inspector":{
   "params":[
    "ExecutionOrder",
    "LabelString",
    "Description",
    "Document"
   ],
   "values":[
    1,
    "[mode_S>0]",
    "",
    ""
   ],
   "tabs":[
    "Parameter Attributes"
   ],
   "tabs_idx":0
  },
  "viewer":{
   "jshandler":"webview/handlers/ElementHandler"
  },
  "obj_viewer":[
  ],
  "finder":[
  ]
 },
 {
  "sid":"Pacing_model:2:52",
  "className":"Stateflow.Transition",
  "icon":"WebViewIcon7",
  "name":"",
  "label":"[mode_S == 1]",
  "parent":"Pacing_model:2:50",
  "inspector":{
   "params":[
    "ExecutionOrder",
    "LabelString",
    "Description",
    "Document"
   ],
   "values":[
    1,
    "[mode_S == 1]",
    "",
    ""
   ],
   "tabs":[
    "Parameter Attributes"
   ],
   "tabs_idx":0
  },
  "viewer":{
   "jshandler":"webview/handlers/ElementHandler"
  },
  "obj_viewer":[
  ],
  "finder":[
  ]
 },
 {
  "sid":"Pacing_model:2:53",
  "className":"Stateflow.Transition",
  "icon":"WebViewIcon7",
  "name":"",
  "label":"[ATR_CMP_DETECT == false]",
  "parent":"Pacing_model:2:50",
  "inspector":{
   "params":[
    "ExecutionOrder",
    "LabelString",
    "Description",
    "Document"
   ],
   "values":[
    1,
    "[ATR_CMP_DETECT == false]",
    "",
    ""
   ],
   "tabs":[
    "Parameter Attributes"
   ],
   "tabs_idx":0
  },
  "viewer":{
   "jshandler":"webview/handlers/ElementHandler"
  },
  "obj_viewer":[
  ],
  "finder":[
  ]
 },
 {
  "sid":"Pacing_model:2:71",
  "className":"Stateflow.Transition",
  "icon":"WebViewIcon7",
  "name":"",
  "label":"?",
  "parent":"Pacing_model:2:50",
  "inspector":{
   "params":[
    "ExecutionOrder",
    "LabelString",
    "Description",
    "Document"
   ],
   "values":[
    1,
    "?",
    "",
    ""
   ],
   "tabs":[
    "Parameter Attributes"
   ],
   "tabs_idx":0
  },
  "viewer":{
   "jshandler":"webview/handlers/ElementHandler"
  },
  "obj_viewer":[
  ],
  "finder":[
  ]
 }
]