{
 "baseUrl":"support/slwebview_files",
 "homeHid":1,
 "initialElement":"",
 "sections":[
  {
   "hid":1,
   "sid":"Pacing_model",
   "name":"Pacing_model",
   "fullname":"Pacing_model",
   "label":"Pacing_model*",
   "parent":0,
   "descendants":[
    2,
    3,
    4,
    5
   ],
   "hierarchyUrl":"support/slwebview_files/Pacing_model_h_1.json",
   "backingUrl":"support/slwebview_files/Pacing_model_m.json"
  }
 ],
 "optViews":[
 ],
 "display":{
  "informer":false
 },
 "iconsUrl":"support/slwebview_files/Pacing_model_icons.css"
}